Player Name,Team,Position,Pts,GS,A,CS,B,BPS,PPG,MP,Cost,TSB,GC,OG,PS,PM,Season
Salah,LIV,MID,127,11,7,5,17,379,7.9,1380,£13.1,50.8%,14,0,0,1,2023
Son,TOT,MID,113,10,4,5,16,362,7.1,1333,£9.5,34.9%,21,1,0,0,2023
Haaland,MCI,FWD,112,14,5,4,15,417,7.5,1294,£14,83.6%,16,0,0,1,2023
Watkins,AVL,FWD,99,8,9,4,11,330,6.2,1399,£8.4,39.0%,20,0,0,0,2023
Saka,ARS,MID,94,5,8,5,11,346,6.3,1305,£9,58.5%,15,0,0,0,2023
Mbeumo,BRE,MID,87,7,4,3,9,250,5.8,1286,£6.9,14.9%,20,0,0,0,2023
Bowen,WHU,MID,86,9,1,1,8,247,5.7,1350,£7.7,21.1%,29,0,0,0,2023
Gordon,NEW,MID,83,6,5,7,8,255,5.5,1223,£6.2,24.2%,16,0,0,0,2023
Trippier,NEW,DEF,82,0,7,6,18,403,5.1,1392,£7,49.3%,21,0,0,0,2023
J.Alvarez,MCI,FWD,80,4,8,6,11,330,5.0,1319,£6.9,28.6%,13,0,0,0,2023
Hee Chan,WOL,MID,76,8,2,1,7,231,4.8,1131,£5.8,12.3%,18,0,0,0,2023
A.Doucoure,EVE,MID,75,6,2,5,7,240,4.7,1397,£5.5,1.4%,20,0,0,0,2023
Alexander-Arnold,LIV,DEF,75,2,3,5,12,334,5.4,1138,£8.1,13.8%,12,0,0,0,2023
McGinn,AVL,MID,66,4,2,4,8,255,4.1,1351,£5.5,1.1%,18,0,0,0,2023
Leno,FUL,GKP,66,0,0,5,10,368,4.1,1440,£4.7,15.1%,26,1,0,0,2023
Saliba,ARS,DEF,65,1,1,6,5,305,4.1,1440,£5.5,35.3%,15,0,0,0,2023
Szoboszlai,LIV,MID,65,2,4,6,6,292,4.1,1354,£7.1,6.5%,13,0,0,0,2023
Cunha,WOL,FWD,65,5,3,2,6,238,4.1,1329,£5.7,4.6%,23,0,0,0,2023
Andersen,CRY,DEF,64,2,1,5,9,319,4.0,1440,£5.1,20.9%,23,0,0,0,2023
B.Fernandes,MUN,MID,64,3,3,5,10,279,4.0,1440,£8.3,12.6%,21,0,0,1,2023
Bernardo,MCI,MID,63,4,3,2,10,292,4.8,1088,£6.4,3.3%,15,0,0,0,2023
Kulusevski,TOT,MID,63,4,1,5,6,226,3.9,1401,£7,2.7%,18,0,0,0,2023
Maddison,TOT,MID,63,3,6,5,6,230,5.7,882,£7.8,8.8%,8,0,0,0,2023
Mykolenko,EVE,DEF,62,2,1,5,7,226,5.2,1077,£4.5,5.8%,11,0,0,0,2023
A.Becker,LIV,GKP,62,0,0,4,9,301,4.4,1260,£5.6,10.0%,12,0,0,0,2023
Darwin,LIV,FWD,62,4,7,3,4,169,4.1,866,£7.6,17.4%,9,0,0,0,2023
White,ARS,DEF,61,1,2,5,7,281,4.1,1139,£5.6,11.3%,14,0,0,0,2023
Rice,ARS,MID,61,3,1,6,7,300,3.8,1383,£5.4,5.6%,14,0,0,0,2023
Zinchenko,ARS,DEF,60,1,1,5,9,265,4.0,959,£5.2,12.9%,8,0,0,0,2023
Mitoma,BHA,MID,60,3,5,0,7,196,4.0,1148,£6.5,23.2%,22,0,0,0,2023
Tarkowski,EVE,DEF,58,1,1,5,6,277,3.6,1440,£4.4,3.4%,20,0,0,0,2023
Isak,NEW,FWD,58,7,0,3,8,213,4.8,814,£7.6,15.9%,13,0,0,0,2023
Pau,AVL,DEF,58,2,0,4,4,282,3.6,1409,£4.7,5.4%,18,0,0,0,2023
Onana,MUN,GKP,58,0,0,5,3,309,3.6,1440,£4.8,15.5%,21,0,0,0,2023
Neto,BOU,GKP,57,0,0,4,8,282,4.1,1260,£4.5,2.1%,23,0,1,0,2023
McTominay,MUN,MID,57,5,0,4,5,176,4.4,876,£4.9,2.5%,12,0,0,0,2023
Johnstone,CRY,GKP,56,0,0,5,7,254,3.5,1436,£4.7,5.3%,22,0,0,0,2023
Pickford,EVE,GKP,56,0,0,5,6,272,3.5,1440,£4.4,7.4%,20,1,0,0,2023
Pope,NEW,GKP,56,0,0,6,1,268,4.0,1255,£5.4,7.6%,14,0,0,0,2023
Martinez,AVL,GKP,55,0,0,4,9,290,3.7,1350,£5,8.7%,19,1,0,0,2023
Virgil,LIV,DEF,55,1,2,4,7,278,3.9,1197,£6.1,9.5%,14,0,0,0,2023
Wissa,BRE,FWD,54,3,2,5,7,173,3.4,1293,£5.8,7.9%,17,0,0,0,2023
Mitchell,CRY,DEF,54,1,1,5,5,262,3.6,1267,£4.7,5.0%,20,0,0,0,2023
Morris,LUT,FWD,54,3,2,2,7,146,3.4,1190,£5.2,2.7%,24,0,0,0,2023
Dalot,MUN,DEF,54,1,1,4,8,284,3.6,1284,£5.1,4.7%,20,0,0,0,2023
Romero,TOT,DEF,54,3,0,4,10,256,4.2,1035,£4.9,10.1%,14,1,0,0,2023
Vicario,TOT,GKP,54,0,0,4,5,312,3.4,1440,£5.2,8.0%,23,0,0,0,2023
João Pedro,BHA,FWD,50,5,1,1,6,182,3.1,838,£5.4,10.7%,16,0,0,0,2023
Walker,MCI,DEF,50,0,1,4,4,284,3.1,1440,£5.3,16.2%,18,0,0,0,2023
Wilson,NEW,FWD,50,7,1,4,4,185,4.5,505,£7.8,3.3%,8,0,0,0,2023
Gibbs-White,NFO,MID,50,1,4,3,3,213,3.1,1326,£5.7,1.6%,25,0,0,0,2023
Digne,AVL,DEF,49,0,3,4,2,257,3.1,1399,£4.7,5.6%,20,0,0,0,2023
Tavernier,BOU,MID,49,2,3,4,4,174,3.8,903,£5.4,0.6%,17,0,0,0,2023
Rodrigo,MCI,MID,49,3,3,4,5,250,3.8,1090,£5.6,5.4%,13,0,0,0,2023
Doku,MCI,MID,49,2,5,0,9,211,4.5,693,£6.7,5.8%,11,0,0,0,2023
Konsa,AVL,DEF,48,0,1,4,4,277,3.0,1398,£4.5,1.5%,20,0,0,0,2023
Pinnock,BRE,DEF,48,1,0,3,5,300,3.0,1440,£4.6,4.5%,22,0,0,0,2023
McNeil,EVE,MID,48,2,2,5,3,171,3.7,1022,£5.4,0.3%,9,0,0,0,2023
Kudus,WHU,MID,48,3,3,0,6,162,3.7,695,£6.7,3.8%,19,0,0,0,2023
Cash,AVL,DEF,47,2,1,3,4,213,3.1,1108,£4.8,22.7%,16,1,0,0,2023
Gallagher,CHE,MID,47,0,5,3,4,240,3.1,1237,£5.4,0.5%,22,0,0,0,2023
Guéhi,CRY,DEF,47,0,0,5,6,269,3.1,1350,£4.6,4.6%,20,0,0,0,2023
Rashford,MUN,MID,47,2,2,4,0,133,3.1,1098,£8.5,11.2%,17,0,0,0,2023
Almirón,NEW,MID,47,2,1,4,3,157,2.9,1076,£6.2,4.2%,15,0,0,0,2023
Areola,WHU,GKP,45,0,0,1,2,243,3.2,1260,£4.3,34.7%,24,0,1,0,2023
Flekken,BRE,GKP,44,0,0,3,1,255,2.9,1305,£4.5,3.2%,20,0,0,0,2023
Colwill,CHE,DEF,44,1,1,3,3,242,2.9,1192,£4.6,6.0%,19,0,0,0,2023
Diogo J.,LIV,MID,44,4,2,3,2,131,3.7,632,£7.7,1.1%,5,0,0,0,2023
Coufal,WHU,DEF,44,0,5,1,5,267,2.8,1436,£4.6,3.5%,30,0,0,0,2023
Hamer,SHU,MID,44,2,1,2,2,180,2.9,1252,£5,0.2%,31,0,0,0,2023
Billing,BOU,MID,43,2,2,1,3,172,2.9,1035,£5.2,0.4%,26,0,0,0,2023
Enzo,CHE,MID,43,2,1,4,3,194,2.9,1232,£4.8,3.0%,21,0,0,1,2023
Branthwaite,EVE,DEF,43,0,0,5,5,241,3.1,1260,£4.1,3.0%,15,0,0,0,2023
L.Paquetá,WHU,MID,43,2,1,2,3,195,2.9,1309,£6,1.6%,24,0,0,0,2023
Van de Ven,TOT,DEF,43,1,0,4,4,227,3.9,945,£4.4,1.4%,10,0,0,0,2023
Trossard,ARS,MID,42,3,1,2,6,122,3.5,526,£6.5,2.3%,4,0,0,0,2023
Mudryk,CHE,MID,42,2,3,3,3,127,3.0,631,£6.3,0.9%,9,0,0,0,2023
J.Ayew,CRY,MID,42,1,3,5,0,127,2.6,1309,£5.4,0.4%,20,0,0,0,2023
J.Palhinha,FUL,MID,42,2,1,4,6,158,3.2,1071,£5,0.3%,17,0,0,0,2023
Akanji,MCI,DEF,42,2,0,3,1,222,3.2,1081,£4.9,5.8%,15,0,0,0,2023
Aké,MCI,DEF,42,2,1,1,4,193,3.5,735,£5,5.2%,9,0,0,0,2023
Amdouni,BUR,FWD,41,2,1,3,4,119,2.7,1059,£5.3,0.2%,20,0,0,0,2023
Trafford,BUR,GKP,41,0,0,1,2,309,2.6,1440,£4.5,0.9%,34,0,0,0,2023
Disasi,CHE,DEF,41,1,0,3,3,226,2.9,1236,£4.9,3.9%,19,0,0,0,2023
Gabriel,ARS,DEF,40,0,0,4,2,210,2.9,1104,£4.9,15.4%,12,0,0,0,2023
Archer,SHU,FWD,40,2,1,1,6,114,2.9,1031,£4.6,9.8%,29,0,0,0,2023
Semenyo,BOU,FWD,40,3,2,3,4,127,3.1,674,£4.6,4.0%,12,0,0,0,2023
Collins,BRE,DEF,40,1,1,3,3,219,3.3,999,£4.5,0.5%,15,0,0,0,2023
Janelt,BRE,MID,40,0,2,4,1,194,2.5,1289,£5.3,0.1%,15,0,0,0,2023
Raya,ARS,GKP,40,0,0,4,2,181,3.6,990,£4.9,5.6%,11,0,0,0,2023
T.Silva,CHE,DEF,40,1,0,3,3,288,2.7,1350,£5,3.6%,24,0,0,0,2023
De Cordova-Reid,FUL,MID,40,3,1,1,2,117,2.9,648,£5.4,0.1%,17,0,0,0,2023
Robinson,FUL,DEF,40,0,3,4,3,277,2.7,1315,£4.4,0.9%,26,2,0,0,2023
Adebayo,LUT,FWD,40,4,0,0,3,124,2.5,573,£4.8,0.6%,15,0,0,0,2023
Sarr,TOT,MID,40,1,2,5,2,188,2.9,907,£4.5,2.3%,7,0,0,0,2023
Udogie,TOT,DEF,40,1,2,3,5,195,2.9,1142,£4.8,9.7%,20,0,0,0,2023
José Sá,WOL,GKP,40,0,0,1,4,236,2.7,1282,£5,1.4%,26,0,0,0,2023
Koleosho,BUR,MID,40,1,2,3,0,80,2.7,972,£5,0.1%,23,0,0,0,2023
Toffolo,NFO,DEF,38,1,3,2,3,173,3.8,742,£4.4,0.2%,16,0,0,0,2023
Antonio,WHU,FWD,38,2,2,4,4,116,3.2,812,£5.7,2.1%,13,0,0,0,2023
Tsimikas,LIV,DEF,37,0,3,3,3,155,4.6,538,£4.9,15.1%,6,0,0,0,2023
Burn,NEW,DEF,37,1,0,4,0,175,3.4,945,£4.4,2.8%,11,0,0,0,2023
Castagne,FUL,DEF,37,0,0,4,3,201,2.8,1022,£4.5,0.5%,15,0,0,0,2023
Gilmour,BHA,MID,36,0,3,2,4,183,2.4,915,£4.9,0.4%,18,0,0,0,2023
Eze,CRY,MID,36,2,2,3,1,148,3.6,797,£6,3.0%,10,0,0,0,2023
Schlupp,CRY,MID,36,1,0,4,1,106,2.6,988,£4.9,0.1%,12,0,0,0,2023
Cairney,FUL,MID,36,1,4,2,0,145,2.6,479,£4.9,0.0%,7,0,0,0,2023
Maguire,MUN,DEF,36,0,2,3,2,173,3.3,836,£4.3,3.6%,12,0,0,0,2023
Lascelles,NEW,DEF,36,1,0,4,3,169,3.3,910,£4.2,7.9%,13,0,0,0,2023
Lemina,WOL,MID,36,2,0,2,5,192,2.6,1212,£4.9,0.1%,21,0,0,0,2023
G.Jesus,ARS,FWD,35,2,2,4,5,103,3.2,664,£7.9,3.9%,8,0,0,0,2023
Ward,CRY,DEF,35,0,1,4,0,194,2.3,1299,£4.5,0.3%,22,1,0,0,2023
Maupay,BRE,FWD,35,2,2,2,4,108,2.7,660,£4.9,1.4%,12,0,0,0,2023
Johnson,TOT,MID,35,1,2,2,1,108,2.7,800,£5.8,0.6%,15,0,0,0,2023
Wood,NFO,FWD,35,3,0,1,5,115,2.5,436,£4.9,0.7%,9,0,0,0,2023
Doughty,LUT,DEF,33,0,3,0,5,177,2.2,1057,£4.4,0.2%,23,0,0,0,2023
Ogbene,LUT,FWD,33,1,1,1,2,149,2.2,936,£4.9,0.2%,18,0,0,0,2023
Zouma,WHU,DEF,33,1,0,1,4,195,2.4,1233,£4.5,1.8%,25,0,0,0,2023
Garnacho,MUN,MID,32,1,1,4,0,95,2.3,728,£4.8,2.9%,9,0,0,0,2023
Rodriguez,BUR,FWD,31,2,1,1,3,91,2.8,625,£5.3,0.3%,12,0,0,0,2023
Mateta,CRY,FWD,31,1,3,2,2,87,2.4,443,£4.9,0.4%,12,0,0,0,2023
Mac Allister,LIV,MID,31,1,1,3,3,164,2.2,1086,£5.8,3.0%,12,0,0,0,2023
Berge,BUR,MID,31,0,1,1,2,148,1.9,1147,£4.8,0.1%,27,0,0,0,2023
Kilman,WOL,DEF,31,0,0,2,2,238,1.9,1440,£4.5,0.8%,26,0,0,0,2023
Kerkez,BOU,DEF,31,0,1,3,1,159,2.1,1160,£4.4,0.2%,26,1,0,0,2023
Gvardiol,MCI,DEF,31,0,0,3,1,188,2.6,975,£4.9,3.6%,12,0,0,0,2023
Turner,NFO,GKP,30,0,0,2,0,190,2.7,990,£3.9,12.3%,16,0,0,0,2023
Kluivert,BOU,MID,30,1,0,4,2,59,2.3,672,£4.6,0.4%,9,0,0,0,2023
Lerma,CRY,MID,30,0,1,3,3,146,2.5,1036,£4.7,0.1%,17,0,0,0,2023
Gomez,LIV,DEF,30,0,0,3,1,141,2.3,659,£4.5,0.5%,5,0,0,0,2023
Botman,NEW,DEF,30,1,1,2,4,127,6.0,446,£4.5,5.2%,3,0,0,0,2023
Bogle,SHU,DEF,30,1,2,2,0,125,2.3,947,£4.5,0.1%,24,0,0,0,2023
N.Semedo,WOL,DEF,29,0,1,2,0,190,1.9,1319,£4.5,0.7%,25,0,0,0,2023
Aina,NFO,DEF,29,1,1,2,2,152,2.6,806,£4.5,0.5%,21,0,0,0,2023
Dawson,WOL,DEF,28,0,0,2,2,222,1.9,1330,£4.5,0.6%,23,0,0,0,2023
L.Cook,BOU,MID,27,0,1,4,2,162,2.2,971,£5,0.0%,18,0,0,0,2023
Taylor,BUR,DEF,27,1,1,1,1,185,2.1,1170,£4,6.1%,23,0,0,0,2023
Konaté,LIV,DEF,27,0,0,3,0,143,2.5,611,£4.9,1.5%,7,0,0,0,2023
Aurier,NFO,DEF,27,0,2,1,3,137,2.2,831,£4.5,1.1%,15,0,0,0,2023
N.Aguerd,WHU,DEF,27,1,0,1,0,186,1.8,1326,£4.5,0.9%,29,0,0,0,2023
Gana,EVE,MID,26,1,0,2,2,143,2.0,990,£4.8,0.0%,15,0,0,0,2023
Patterson,EVE,DEF,26,0,2,1,2,130,1.9,613,£4.4,0.2%,11,0,0,0,2023
Reed,FUL,MID,26,0,1,3,0,118,1.9,764,£4.6,0.4%,17,0,0,0,2023
Robertson,LIV,DEF,26,1,0,1,3,167,3.2,720,£6.4,2.4%,9,0,0,0,2023
Wan-Bissaka,MUN,DEF,26,0,1,2,5,133,3.2,523,£4.4,2.3%,7,0,0,0,2023
Emerson,WHU,DEF,26,0,2,1,2,192,1.7,1305,£4.5,0.7%,26,0,0,0,2023
Young,EVE,DEF,26,0,0,3,2,177,1.7,1209,£4.4,0.3%,19,1,0,0,2023
Bruun Larsen,BUR,MID,26,2,0,1,0,77,2.0,315,£4.9,0.0%,6,0,0,0,2023
Barkley,LUT,MID,26,1,1,0,0,122,2.4,803,£4.9,0.1%,20,0,0,0,2023
Gusto,CHE,DEF,24,0,2,2,2,120,2.7,538,£4.1,4.4%,7,0,0,0,2023
J.Murphy,NEW,MID,24,1,3,1,3,85,4.8,119,£4.8,0.1%,1,0,0,0,2023
Bissouma,TOT,MID,24,0,0,5,0,165,1.7,1142,£5,0.4%,17,0,0,0,2023
Kalajdžić,WOL,FWD,24,2,0,1,4,88,2.2,158,£4.9,0.2%,2,0,0,0,2023
Kaboré,LUT,DEF,24,0,2,0,3,128,1.8,957,£4,5.0%,21,0,0,0,2023
Evans,MUN,DEF,24,0,1,2,3,113,3.0,459,£4,0.8%,7,0,0,0,2023
Townsend,LUT,MID,24,0,3,2,0,87,3.0,393,£5,0.0%,9,0,0,0,2023
Diego Carlos,AVL,DEF,23,0,0,2,1,124,2.1,633,£4.4,0.4%,9,0,0,0,2023
Onana,EVE,MID,23,0,0,2,0,125,1.9,965,£4.7,0.1%,14,0,0,0,2023
Diop,FUL,DEF,23,0,0,3,2,135,2.9,700,£4.4,0.4%,13,0,0,0,2023
Elliott,LIV,MID,23,1,2,0,0,93,1.8,298,£4.8,0.2%,2,0,0,0,2023
Lo Celso,TOT,MID,23,2,0,0,3,93,3.3,285,£4.8,0.3%,8,0,0,0,2023
Lockyer,LUT,DEF,23,1,1,0,1,162,1.6,1169,£4.3,0.2%,23,1,0,0,2023
Aarons,BOU,DEF,23,0,1,2,0,161,1.9,949,£4.4,0.2%,24,0,0,0,2023
Smith,BOU,DEF,22,0,1,2,0,95,2.8,479,£4.4,0.0%,7,0,0,0,2023
Ajer,BRE,DEF,22,0,1,2,1,117,2.0,723,£4.5,0.3%,13,0,0,0,2023
Beyer,BUR,DEF,22,0,1,1,4,182,2.0,948,£4,1.5%,19,0,0,0,2023
C.Doucouré,CRY,MID,21,0,0,3,0,141,1.9,920,£4.9,0.1%,12,0,0,0,2023
Matip,LIV,DEF,21,0,0,2,0,145,2.1,779,£4.9,0.4%,9,1,0,0,2023
Kovačić,MCI,MID,21,0,0,3,0,122,1.8,667,£4.7,0.4%,8,0,0,0,2023
R.Lewis,MCI,DEF,21,0,0,3,0,74,3.0,250,£4.3,0.3%,2,0,0,0,2023
Casemiro,MUN,MID,21,1,0,2,0,94,2.6,648,£5.4,2.1%,11,0,0,0,2023
R.Varane,MUN,DEF,21,1,0,1,2,100,2.6,340,£4.9,2.3%,5,0,0,0,2023
Ansu Fati,BHA,MID,21,2,0,1,1,55,2.3,286,£6.5,0.5%,6,0,0,0,2023
Kelly,BOU,DEF,20,0,0,2,3,137,2.2,681,£4.5,0.0%,14,0,0,0,2023
Dunk,BHA,DEF,20,1,0,0,1,187,1.5,1146,£5,2.9%,23,0,0,0,2023
O'Shea,BUR,DEF,20,0,2,1,1,178,1.7,1027,£4.4,0.2%,28,1,0,0,2023
Vinícius,FUL,FWD,20,2,0,0,2,73,1.8,272,£4.7,1.5%,3,0,0,0,2023
Mengi,LUT,DEF,20,1,0,0,1,119,1.8,860,£3.9,1.9%,18,0,0,0,2023
Bassey,FUL,DEF,20,0,0,2,0,148,1.7,845,£4.4,0.2%,16,0,0,0,2023
Højlund,MUN,FWD,20,0,0,3,0,28,1.7,792,£6.9,3.1%,12,0,0,0,2023
Onyeka,BRE,MID,19,0,1,1,0,81,1.4,683,£4.9,0.0%,15,0,0,0,2023
Schade,BRE,MID,19,1,1,1,2,40,3.8,255,£5.3,0.1%,2,0,0,0,2023
Veltman,BHA,DEF,19,0,1,0,0,153,1.3,882,£4.4,0.9%,20,0,0,0,2023
Benrahma,WHU,MID,18,0,1,1,0,52,1.6,482,£5.6,0.4%,8,0,0,0,2023
Endo,LIV,MID,18,1,0,2,0,66,1.6,353,£5.4,0.1%,2,0,0,0,2023
Beto,EVE,FWD,18,1,0,2,0,42,1.6,406,£5.7,0.1%,5,0,0,0,2023
Sangaré,NFO,MID,18,0,0,4,0,60,1.8,751,£4.9,0.0%,12,0,0,0,2023
Bellegarde,WOL,MID,18,1,1,0,1,64,2.2,370,£4.9,0.0%,9,0,0,0,2023
Ramsdale,ARS,GKP,17,0,0,2,0,77,3.4,450,£4.6,6.8%,4,0,0,0,2023
Duran,AVL,FWD,17,2,0,0,3,60,1.9,95,£5,0.2%,0,0,0,0,2023
Hickey,BRE,DEF,17,0,0,2,0,87,1.9,713,£4.4,0.2%,12,0,0,0,2023
Van Hecke,BHA,DEF,17,0,0,0,1,140,1.5,838,£4,2.0%,12,0,0,0,2023
Vitinho,BUR,DEF,17,0,0,1,0,81,1.7,779,£4.4,0.1%,16,0,0,0,2023
Broja,CHE,FWD,17,1,1,1,0,42,2.1,230,£4.9,0.2%,4,0,0,0,2023
Stones,MCI,DEF,17,0,0,2,0,83,2.8,367,£5.3,3.0%,3,0,0,0,2023
Yates,NFO,MID,17,0,0,1,1,67,1.3,606,£4.8,0.0%,13,0,0,0,2023
McBurnie,SHU,FWD,17,2,1,0,1,53,2.1,520,£5.4,0.0%,17,0,0,0,2023
H.Bueno,WOL,DEF,17,0,0,2,0,64,1.9,359,£4.4,0.1%,6,1,0,0,2023
Robinson,SHU,DEF,17,0,1,1,1,216,1.1,1394,£4.4,0.1%,41,0,0,0,2023
Danjuma,EVE,MID,17,1,0,0,0,40,1.9,386,£5.3,0.1%,9,0,0,0,2023
Baldock,SHU,DEF,16,0,2,0,2,75,2.0,563,£3.9,7.0%,12,0,0,0,2023
Højbjerg,TOT,MID,16,0,0,1,0,92,1.1,562,£5.2,0.3%,12,0,0,0,2023
Reguilón,MUN,DEF,16,0,0,2,2,83,2.3,402,£4.4,0.4%,7,0,0,0,2023
Jorginho,ARS,MID,15,0,0,1,0,66,1.4,383,£5.3,0.2%,6,0,0,0,2023
Buonanotte,BHA,MID,15,1,1,0,1,36,1.9,294,£4.7,0.0%,5,0,0,0,2023
Verbruggen,BHA,GKP,15,0,0,0,2,110,2.1,630,£4.4,0.4%,11,0,0,0,2023
Welbeck,BHA,FWD,15,1,0,2,1,44,1.9,407,£5.7,0.6%,7,0,0,0,2023
Chilwell,CHE,DEF,15,0,1,1,2,66,2.5,334,£5.4,5.1%,5,0,0,0,2023
E.Royal,TOT,DEF,15,1,0,0,1,107,1.4,505,£4.4,0.9%,14,0,0,0,2023
Bentley,WOL,GKP,15,0,0,2,1,51,7.5,157,£3.9,1.3%,0,0,0,0,2023
Livramento,NEW,DEF,15,0,0,1,1,81,1.5,479,£4.4,1.5%,9,0,0,0,2023
Miley,NEW,MID,15,0,1,1,1,81,3.0,424,£4.5,0.2%,8,0,0,0,2023
Gravenberch,LIV,MID,15,0,0,1,0,61,1.4,448,£5,0.1%,6,0,0,0,2023
Trusty,SHU,DEF,14,0,0,1,0,116,1.3,822,£3.9,2.2%,23,0,0,0,2023
Dahoud,BHA,MID,14,0,1,1,0,68,1.6,449,£4.8,0.1%,6,0,0,0,2023
Lallana,BHA,MID,14,0,1,1,0,44,1.4,405,£4.9,0.0%,7,0,0,0,2023
Milner,BHA,MID,14,0,1,1,0,90,1.4,462,£4.8,0.1%,9,0,0,0,2023
Burke,LUT,DEF,13,0,1,0,0,79,1.6,595,£4,0.1%,12,0,0,0,2023
Aït-Nouri,WOL,DEF,13,0,0,0,0,98,1.0,889,£4.5,0.4%,16,0,0,0,2023
Matheus N.,MCI,MID,13,0,1,1,0,58,1.4,408,£4.8,0.1%,9,0,0,0,2023
Moore,BOU,FWD,12,1,0,0,2,38,2.0,85,£4.7,0.2%,1,0,0,0,2023
Rothwell,BOU,MID,12,0,0,0,0,51,1.2,360,£4.8,0.0%,11,0,0,0,2023
Baptiste,BRE,MID,12,1,0,0,0,57,2.4,188,£4.3,1.3%,5,0,0,0,2023
Yarmoliuk,BRE,MID,12,0,0,2,0,39,1.5,288,£4.4,0.6%,2,0,0,0,2023
Mount,MUN,MID,12,0,0,1,0,51,1.5,397,£6.8,0.9%,6,0,0,0,2023
Osho,LUT,DEF,12,1,0,0,0,78,2.0,506,£4.4,0.0%,12,0,0,0,2023
Danilo,NFO,MID,12,0,0,0,0,39,1.3,459,£5.3,0.1%,13,0,0,0,2023
McKenna,NFO,DEF,12,0,0,1,1,64,2.4,416,£4.4,0.1%,6,0,0,0,2023
Niakhaté,NFO,DEF,12,0,0,1,1,99,1.2,643,£4.5,0.1%,15,0,0,0,2023
Worrall,NFO,DEF,12,0,0,1,3,69,2.0,437,£4.4,0.1%,9,0,0,0,2023
Ahmedhodžić,SHU,DEF,12,0,0,1,2,130,1.0,1035,£4.3,0.2%,30,0,0,0,2023
P.Fornals,WHU,MID,12,0,0,0,0,46,1.1,216,£4.7,0.1%,7,0,0,0,2023
Boubacar Traore,WOL,MID,12,0,0,0,0,57,1.1,376,£4.4,0.4%,11,0,0,0,2023
Dobbin,EVE,MID,12,1,0,1,0,34,2.4,122,£4.5,0.1%,2,0,0,0,2023
Bobb,MCI,MID,11,0,2,0,0,41,2.2,69,£4.4,0.1%,2,0,0,0,2023
Pellistri,MUN,MID,11,0,1,0,0,33,1.6,139,£4.4,0.2%,1,0,0,0,2023
Skipp,TOT,MID,11,0,0,0,0,45,1.0,230,£4.6,0.1%,9,0,0,0,2023
T.Bénie,SHU,FWD,11,0,0,0,0,14,1.4,383,£5.2,0.0%,13,0,0,0,2023
O.Dango,BOU,MID,10,0,0,1,0,30,1.0,235,£4.7,0.0%,5,0,0,0,2023
Cucurella,CHE,DEF,10,0,0,1,0,104,1.1,703,£4.8,0.5%,14,0,0,0,2023
Doyle,WOL,MID,10,0,0,1,0,56,1.2,264,£4.4,0.1%,5,0,0,0,2023
Igor,BHA,DEF,10,0,0,0,1,99,1.2,537,£4.3,0.2%,10,0,0,0,2023
Ugochukwu,CHE,MID,10,0,0,1,0,44,1.1,211,£4.4,0.2%,5,0,0,0,2023
Zaniolo,AVL,MID,10,0,0,1,0,-17,1.0,466,£5.4,0.0%,5,0,0,0,2023
A.Ramsey,BUR,MID,10,0,0,0,0,33,1.2,255,£5,0.0%,8,0,0,0,2023
Smith Rowe,ARS,MID,9,0,1,1,0,24,2.2,104,£5.3,0.1%,0,0,0,0,2023
Lamptey,BHA,DEF,9,0,2,0,0,48,1.8,171,£4,5.4%,6,0,0,0,2023
Al-Dakhil,BUR,DEF,9,0,0,0,0,96,0.9,855,£3.9,0.6%,22,1,0,0,2023
Roberts,BUR,DEF,9,0,1,0,0,105,0.9,744,£4.3,0.2%,21,0,0,0,2023
James,CHE,DEF,9,0,1,0,0,95,1.1,386,£5.4,4.8%,12,0,0,0,2023
Hannibal,MUN,MID,9,1,0,1,0,33,3.0,122,£4.4,0.2%,1,0,0,0,2023
Fábio Silva,WOL,FWD,8,0,0,1,0,7,1.0,259,£5.3,0.2%,8,0,0,0,2023
Redmond,BUR,MID,8,0,0,0,0,31,0.9,114,£4.8,0.0%,4,0,0,0,2023
Maatsen,CHE,MID,8,0,0,0,0,22,0.9,131,£5.1,0.1%,3,0,0,0,2023
Rak-Sakyi,CRY,MID,8,0,0,1,0,21,1.3,132,£4.5,0.0%,3,0,0,0,2023
Thomas,ARS,MID,7,0,0,1,0,58,1.8,250,£4.8,0.2%,2,0,0,0,2023
Madueke,CHE,MID,7,0,0,0,0,23,1.2,119,£5.3,0.1%,3,0,0,0,2023
C.Richards,CRY,DEF,7,0,0,0,0,62,1.0,381,£3.9,0.6%,8,0,0,0,2023
Kelleher,LIV,GKP,7,0,0,1,0,41,3.5,180,£4,2.1%,3,0,0,0,2023
Woodrow,LUT,FWD,7,0,0,0,0,29,1.0,74,£4.4,0.8%,2,0,0,0,2023
Kouyaté,NFO,MID,7,0,0,0,0,24,0.9,133,£4.8,0.0%,4,0,0,0,2023
Bryan,TOT,MID,7,0,0,0,0,30,1.2,141,£4.9,0.0%,8,0,0,0,2023
Brooks,SHU,MID,7,0,0,1,0,21,1.8,164,£4.4,0.0%,2,0,0,0,2023
Origi,NFO,FWD,7,0,0,0,0,16,0.9,151,£5,0.1%,3,0,0,0,2023
B.Badiashile,CHE,DEF,6,0,1,0,2,53,2.0,270,£4.4,0.1%,8,0,0,0,2023
Chukwuemeka,CHE,MID,6,1,0,0,0,23,3.0,125,£4.2,1.2%,2,0,0,0,2023
Coleman,EVE,DEF,6,0,0,1,0,25,6.0,66,£4.4,0.0%,0,0,0,0,2023
Perišić,TOT,DEF,6,0,1,0,0,34,1.2,98,£4.7,0.8%,1,0,0,0,2023
Sergio Gómez,MCI,DEF,5,0,1,0,0,17,2.5,15,£3.9,1.0%,0,0,0,0,2023
Mainoo,MUN,MID,5,0,0,1,0,28,2.5,150,£4.4,0.2%,1,0,0,0,2023
Martinez,MUN,DEF,5,0,1,0,0,74,1.0,375,£4.7,2.3%,8,1,0,0,2023
Dubravka,NEW,GKP,5,0,0,0,0,42,1.7,184,£4.1,6.3%,7,0,0,0,2023
Ritchie,NEW,MID,5,0,0,0,0,14,0.8,97,£4.4,0.2%,4,0,0,0,2023
Brewster,SHU,FWD,5,0,0,0,0,10,1.0,163,£4.9,0.0%,5,0,0,0,2023
Lowe,SHU,DEF,5,0,0,0,0,17,1.2,143,£4.3,0.0%,3,0,0,0,2023
Ogbonna,WHU,DEF,5,0,0,0,0,20,1.2,138,£4.3,0.1%,2,0,0,0,2023
Olakigbe,BRE,MID,5,0,0,0,0,7,1.0,36,£4.5,0.0%,0,0,0,0,2023
M.Elneny,ARS,MID,4,0,1,0,0,12,4.0,1,£4.4,0.1%,0,0,0,0,2023
Sambi,LUT,MID,4,0,0,0,0,14,1.3,148,£4.9,0.0%,2,0,0,0,2023
Mepham,BOU,DEF,4,0,0,0,0,25,0.8,175,£4.3,0.1%,6,0,0,0,2023
Damsgaard,BRE,MID,4,0,0,0,0,10,1.0,98,£4.8,0.0%,0,0,0,0,2023
Strakosha,BRE,GKP,4,0,0,0,0,24,2.0,135,£3.9,2.2%,2,0,0,0,2023
Clark,LUT,MID,4,0,0,0,0,12,0.8,79,£4.8,0.0%,3,0,0,0,2023
Phillips,MCI,MID,4,0,0,0,0,14,1.0,89,£4.7,0.0%,2,0,0,0,2023
Willock,NEW,MID,4,0,0,0,0,23,1.3,136,£5.3,0.1%,2,0,0,0,2023
Benson,BUR,MID,3,0,0,0,0,8,1.0,65,£5.2,0.1%,3,0,0,0,2023
Ekdal,BUR,DEF,3,0,0,0,0,20,1.0,105,£3.9,0.1%,1,0,0,0,2023
Zaroury,BUR,MID,3,0,0,0,0,5,0.6,135,£4.7,0.0%,4,0,0,0,2023
Hall,NEW,DEF,3,0,0,0,0,14,1.0,70,£4.3,0.2%,1,0,0,0,2023
Sancho,MUN,MID,3,0,0,0,0,11,1.0,76,£6.7,0.4%,1,0,0,0,2023
Krafth,NEW,DEF,3,0,0,0,0,11,1.0,6,£4.4,0.0%,1,0,0,0,2023
Fleck,SHU,MID,3,0,0,0,0,13,0.8,89,£4.9,0.0%,5,0,0,0,2023
Bentancur,TOT,MID,3,0,0,0,0,7,0.8,88,£5.4,0.0%,6,0,0,0,2023
Scott,BOU,MID,3,0,0,0,0,21,1.0,189,£4.9,0.0%,5,0,0,0,2023
Delcroix,BUR,DEF,3,0,0,0,0,39,0.5,239,£4,0.0%,11,0,0,0,2023
Coutinho,AVL,MID,2,0,0,0,0,7,1.0,24,£5.8,0.2%,1,0,0,0,2023
Olsen,AVL,GKP,2,0,0,0,0,12,2.0,90,£3.9,0.7%,1,0,0,0,2023
Bertrand Traoré,AVL,MID,2,0,0,0,0,6,1.0,10,£5,0.0%,0,0,0,0,2023
Zanka,BRE,DEF,2,0,0,0,0,11,1.0,7,£4.3,0.1%,0,0,0,0,2023
Moder,BHA,MID,2,0,0,0,0,7,1.0,19,£4.4,0.1%,0,0,0,0,2023
Obafemi,BUR,FWD,2,0,0,0,0,4,1.0,19,£4.9,0.0%,0,0,0,0,2023
Keane,EVE,DEF,2,0,0,0,0,24,0.5,226,£4.3,0.2%,7,0,0,0,2023
Burstow,CHE,FWD,2,0,0,0,0,6,1.0,8,£4.5,0.1%,1,0,0,0,2023
Hackford,SHU,FWD,2,0,0,0,0,5,1.0,11,£4.5,0.1%,1,0,0,0,2023
T.Davies,SHU,MID,2,0,0,0,0,-2,0.7,57,£5,0.0%,5,0,0,0,2023
G.Montiel,NFO,DEF,2,0,0,0,0,13,0.5,166,£4.4,0.0%,1,0,0,0,2023
Harris,FUL,MID,2,0,0,0,0,2,2.0,74,£4.5,0.0%,5,0,0,0,2023
Ozoh,CRY,MID,2,0,0,0,0,5,1.0,4,£4.5,0.0%,0,0,0,0,2023
Donley,TOT,FWD,2,0,0,0,0,5,1.0,2,£4.5,0.0%,1,0,0,0,2023
Baker-Boaitey,BHA,MID,2,0,0,0,0,6,1.0,12,£4.5,0.0%,0,0,0,0,2023
Peart-Harris,BRE,MID,2,0,0,0,0,4,1.0,7,£4.5,0.0%,0,0,0,0,2023
Philogene,AVL,MID,1,0,0,0,0,3,1.0,3,£4.5,0.1%,1,0,0,0,2023
Hill,BOU,DEF,1,0,0,0,0,1,1.0,15,£4,0.1%,0,0,0,0,2023
Dasilva,BRE,MID,1,0,0,0,0,3,1.0,9,£4.7,0.0%,0,0,0,0,2023
Cork,BUR,MID,1,0,0,0,0,2,1.0,16,£4.8,0.0%,0,0,0,0,2023
Andrey,NFO,MID,1,0,0,0,0,1,1.0,7,£4.3,0.1%,0,0,0,0,2023
Matthews,CRY,GKP,1,0,0,0,0,3,1.0,3,£3.9,0.1%,1,0,0,0,2023
Tomkins,CRY,DEF,1,0,0,0,0,3,1.0,1,£4,0.5%,0,0,0,0,2023
Godfrey,EVE,DEF,1,0,0,0,0,2,1.0,1,£4.3,0.1%,0,0,0,0,2023
Dummett,NEW,DEF,1,0,0,0,0,3,1.0,4,£3.9,0.4%,0,0,0,0,2023
Doak,LIV,MID,1,0,0,0,0,3,1.0,13,£4.4,0.0%,0,0,0,0,2023
McConnell,LIV,MID,1,0,0,0,0,3,1.0,1,£4.4,0.0%,0,0,0,0,2023
A.Murphy,NEW,DEF,1,0,0,0,0,2,1.0,3,£3.9,0.4%,0,0,0,0,2023
Cannon,EVE,FWD,1,0,0,0,0,3,1.0,1,£4.5,0.0%,0,0,0,0,2023
Onyango,EVE,MID,1,0,0,0,0,3,1.0,1,£4.5,0.0%,0,0,0,0,2023
Mavropanos,WHU,DEF,1,0,0,0,0,17,0.2,226,£4.5,0.0%,6,1,0,0,2023
Deivid,CHE,FWD,1,0,0,0,0,3,1.0,9,£4.5,0.1%,1,0,0,0,2023
Petrovic,CHE,GKP,1,0,0,0,0,3,1.0,6,£4.5,0.0%,1,0,0,0,2023
S.Bueno,WOL,DEF,1,0,0,0,0,16,1.0,90,£4.5,0.0%,3,0,0,0,2023
Ballo-Touré,FUL,DEF,1,0,0,0,0,7,0.5,33,£4.5,0.0%,0,0,0,0,2023
Matos,CHE,MID,1,0,0,0,0,2,1.0,1,£4.5,0.0%,0,0,0,0,2023
Oné,SHU,MID,1,0,0,0,0,3,1.0,7,£4.5,0.0%,2,0,0,0,2023
Diallo,NEW,MID,1,0,0,0,0,3,1.0,1,£4.5,0.0%,0,0,0,0,2023
Parkinson,NEW,FWD,1,0,0,0,0,2,1.0,24,£4.5,0.0%,1,0,0,0,2023
Ndiweni,NEW,FWD,1,0,0,0,0,3,1.0,1,£4.5,0.0%,0,0,0,0,2023
Peck,SHU,MID,1,0,0,0,0,3,1.0,9,£4.5,0.0%,0,0,0,0,2023
Xhaka,ARS,MID,0,0,0,0,0,0,0.0,0,£6,0.0%,0,0,0,0,2023
Buendia,AVL,MID,0,0,0,0,0,0,0.0,0,£5.7,0.0%,0,0,0,0,2023
Chambers,AVL,DEF,0,0,0,0,0,0,0.0,0,£3.9,1.0%,0,0,0,0,2023
Davis,AVL,FWD,0,0,0,0,0,0,0.0,0,£4.9,0.1%,0,0,0,0,2023
Hause,AVL,DEF,0,0,0,0,0,0,0.0,0,£4,0.2%,0,0,0,0,2023
Iroegbunam,AVL,MID,0,0,0,0,0,0,0.0,0,£4.4,0.0%,0,0,0,0,2023
Mings,AVL,DEF,0,0,0,0,0,5,0.0,30,£4.1,1.3%,2,0,0,0,2023
Sanson,AVL,MID,0,0,0,0,0,0,0.0,0,£4.5,0.0%,0,0,0,0,2023
Sinisalo,AVL,GKP,0,0,0,0,0,0,0.0,0,£4,0.0%,0,0,0,0,2023
Wesley,AVL,FWD,0,0,0,0,0,0,0.0,0,£5,0.0%,0,0,0,0,2023
Siriki,BOU,MID,0,0,0,0,0,0,0.0,0,£4.5,0.0%,0,0,0,0,2023
Fredericks,BOU,DEF,0,0,0,0,0,0,0.0,0,£4.3,0.0%,0,0,0,0,2023
Kilkenny,BOU,MID,0,0,0,0,0,0,0.0,0,£4.3,0.1%,0,0,0,0,2023
Lowe,BOU,MID,0,0,0,0,0,0,0.0,0,£4.9,0.0%,0,0,0,0,2023
Marcondes,BOU,MID,0,0,0,0,0,0,0.0,0,£4.3,0.1%,0,0,0,0,2023
Pearson,BOU,MID,0,0,0,0,0,0,0.0,0,£4.5,0.0%,0,0,0,0,2023
Randolph,BOU,GKP,0,0,0,0,0,0,0.0,0,£4,0.4%,0,0,0,0,2023
Toney,BRE,FWD,0,0,0,0,0,0,0.0,0,£7.9,0.1%,0,0,0,0,2023
Trevitt,BRE,MID,0,0,0,0,0,0,0.0,0,£4.5,0.0%,0,0,0,0,2023
Alzate,BHA,MID,0,0,0,0,0,0,0.0,0,£4.4,0.1%,0,0,0,0,2023
Ayari,BHA,MID,0,0,0,0,0,0,0.0,0,£4.5,0.0%,0,0,0,0,2023
Connolly,BHA,FWD,0,0,0,0,0,0,0.0,0,£4.5,0.0%,0,0,0,0,2023
Karbownik,BHA,DEF,0,0,0,0,0,0,0.0,0,£4,0.0%,0,0,0,0,2023
Kozłowski,BHA,MID,0,0,0,0,0,0,0.0,0,£4.5,0.0%,0,0,0,0,2023
McGill,BHA,GKP,0,0,0,0,0,0,0.0,0,£3.9,0.3%,0,0,0,0,2023
Sarmiento,BHA,MID,0,0,0,0,0,0,0.0,0,£4.5,0.0%,0,0,0,0,2023
Scherpen,BHA,GKP,0,0,0,0,0,0,0.0,0,£4,0.0%,0,0,0,0,2023
Undav,BHA,FWD,0,0,0,0,0,0,0.0,0,£5.5,0.0%,0,0,0,0,2023
Zeqiri,BHA,FWD,0,0,0,0,0,0,0.0,0,£4.4,0.5%,0,0,0,0,2023
Agyei,BUR,MID,0,0,0,0,0,0,0.0,0,£4.3,0.3%,0,0,0,0,2023
Bastien,BUR,MID,0,0,0,0,0,0,0.0,0,£4.9,0.0%,0,0,0,0,2023
Churlinov,BUR,MID,0,0,0,0,0,0,0.0,0,£4.4,0.0%,0,0,0,0,2023
Costelloe,BUR,MID,0,0,0,0,0,0,0.0,0,£4.5,0.0%,0,0,0,0,2023
Egan-Riley,BUR,DEF,0,0,0,0,0,0,0.0,0,£3.9,0.2%,0,0,0,0,2023
Ampadu,CHE,DEF,0,0,0,0,0,0,0.0,0,£4,0.0%,0,0,0,0,2023
Arrizabalaga,CHE,GKP,0,0,0,0,0,0,0.0,0,£5,0.2%,0,0,0,0,2023
Aubameyang,CHE,FWD,0,0,0,0,0,0,0.0,0,£6.5,0.0%,0,0,0,0,2023
Azpilicueta,CHE,DEF,0,0,0,0,0,0,0.0,0,£4.5,0.0%,0,0,0,0,2023
Baba,CHE,DEF,0,0,0,0,0,0,0.0,0,£4,0.0%,0,0,0,0,2023
Bettinelli,CHE,GKP,0,0,0,0,0,0,0.0,0,£4,0.0%,0,0,0,0,2023
Chalobah,CHE,DEF,0,0,0,0,0,0,0.0,0,£4.3,0.0%,0,0,0,0,2023
D.D.Fofana,CHE,FWD,0,0,0,0,0,0,0.0,0,£5,0.0%,0,0,0,0,2023
W.Fofana,CHE,DEF,0,0,0,0,0,0,0.0,0,£4.4,0.0%,0,0,0,0,2023
Lukaku,CHE,FWD,0,0,0,0,0,0,0.0,0,£6.8,0.3%,0,0,0,0,2023
Nkunku,CHE,FWD,0,0,0,0,0,0,0.0,0,£7.3,0.6%,0,0,0,0,2023
Pulisic,CHE,MID,0,0,0,0,0,0,0.0,0,£5.5,0.0%,0,0,0,0,2023
M.Sarr,CHE,DEF,0,0,0,0,0,0,0.0,0,£4.3,0.1%,0,0,0,0,2023
Slonina,CHE,GKP,0,0,0,0,0,0,0.0,0,£4,0.0%,0,0,0,0,2023
Ziyech,CHE,MID,0,0,0,0,0,0,0.0,0,£5.4,0.1%,0,0,0,0,2023
Ebiowei,CRY,MID,0,0,0,0,0,0,0.0,0,£4.5,0.0%,0,0,0,0,2023
Guaita,CRY,GKP,0,0,0,0,0,0,0.0,0,£4.4,0.2%,0,0,0,0,2023
Holgate,EVE,DEF,0,0,0,0,0,0,0.0,0,£4,0.4%,0,0,0,0,2023
Simms,EVE,FWD,0,0,0,0,0,0,0.0,0,£4.5,0.0%,0,0,0,0,2023
J.Virginia,EVE,GKP,0,0,0,0,0,0,0.0,0,£3.9,0.6%,0,0,0,0,2023
I.Cavaleiro,FUL,MID,0,0,0,0,0,0,0.0,0,£5,0.0%,0,0,0,0,2023
Francois,FUL,MID,0,0,0,0,0,0,0.0,0,£4.4,0.0%,0,0,0,0,2023
Knockaert,FUL,MID,0,0,0,0,0,0,0.0,0,£4.4,0.0%,0,0,0,0,2023
Kongolo,FUL,DEF,0,0,0,0,0,0,0.0,0,£4,0.1%,0,0,0,0,2023
Mbabu,FUL,DEF,0,0,0,0,0,0,0.0,0,£4,0.2%,0,0,0,0,2023
Adrián,LIV,GKP,0,0,0,0,0,0,0.0,0,£4,0.3%,0,0,0,0,2023
Bajcetic,LIV,MID,0,0,0,0,0,0,0.0,0,£4.7,0.0%,0,0,0,0,2023
Fabinho,LIV,MID,0,0,0,0,0,0,0.0,0,£5,0.0%,0,0,0,0,2023
Henderson,LIV,MID,0,0,0,0,0,0,0.0,0,£5,0.0%,0,0,0,0,2023
Phillips,LIV,DEF,0,0,0,0,0,0,0.0,0,£4,0.1%,0,0,0,0,2023
Thiago,LIV,MID,0,0,0,0,0,0,0.0,0,£4.8,0.1%,0,0,0,0,2023
Van den Berg,LIV,DEF,0,0,0,0,0,0,0.0,0,£4,0.0%,0,0,0,0,2023
Campbell,LUT,MID,0,0,0,0,0,0,0.0,0,£4.9,0.0%,0,0,0,0,2023
Freeman,LUT,MID,0,0,0,0,0,0,0.0,0,£4.9,0.0%,0,0,0,0,2023
Rea,LUT,MID,0,0,0,0,0,0,0.0,0,£4.4,0.0%,0,0,0,0,2023
Shea,LUT,GKP,0,0,0,0,0,0,0.0,0,£4.3,0.1%,0,0,0,0,2023
Taylor,LUT,FWD,0,0,0,0,0,0,0.0,0,£4.5,0.1%,0,0,0,0,2023
Thorpe,LUT,MID,0,0,0,0,0,0,0.0,0,£4.5,0.0%,0,0,0,0,2023
Walton,LUT,GKP,0,0,0,0,0,0,0.0,0,£4,0.0%,0,0,0,0,2023
Watson,LUT,MID,0,0,0,0,0,0,0.0,0,£4.4,0.1%,0,0,0,0,2023
Cancelo,MCI,DEF,0,0,0,0,0,0,0.0,0,£5.8,1.0%,0,0,0,0,2023
Carson,MCI,GKP,0,0,0,0,0,0,0.0,0,£3.9,0.1%,0,0,0,0,2023
Charles,MCI,MID,0,0,0,0,0,0,0.0,0,£4.5,0.0%,0,0,0,0,2023
Mahrez,MCI,MID,0,0,0,0,0,0,0.0,0,£7.5,0.0%,0,0,0,0,2023
Perrone,MCI,MID,0,0,0,0,0,0,0.0,0,£4.4,0.0%,0,0,0,0,2023
Steffen,MCI,GKP,0,0,0,0,0,0,0.0,0,£3.9,0.2%,0,0,0,0,2023
Alex Telles,MUN,DEF,0,0,0,0,0,0,0.0,0,£4.5,0.0%,0,0,0,0,2023
Amad,MUN,MID,0,0,0,0,0,0,0.0,0,£4.4,0.0%,0,0,0,0,2023
B.Williams,MUN,DEF,0,0,0,0,0,0,0.0,0,£4,0.1%,0,0,0,0,2023
Bailly,MUN,DEF,0,0,0,0,0,0,0.0,0,£4,0.1%,0,0,0,0,2023
Fernandez,MUN,DEF,0,0,0,0,0,0,0.0,0,£4,0.1%,0,0,0,0,2023
Gillespie,NEW,GKP,0,0,0,0,0,0,0.0,0,£3.9,0.1%,0,0,0,0,2023
Hayden,NEW,MID,0,0,0,0,0,0,0.0,0,£4.4,0.0%,0,0,0,0,2023
Hendrick,NEW,MID,0,0,0,0,0,0,0.0,0,£4.4,0.0%,0,0,0,0,2023
Kuol,NEW,MID,0,0,0,0,0,0,0.0,0,£4.5,0.0%,0,0,0,0,2023
J.Lewis,NEW,DEF,0,0,0,0,0,0,0.0,0,£4,0.0%,0,0,0,0,2023
Manquillo,NEW,DEF,0,0,0,0,0,0,0.0,0,£4,0.0%,0,0,0,0,2023
Saint-Maximin,NEW,MID,0,0,0,0,0,0,0.0,0,£6,0.0%,0,0,0,0,2023
Watts,NEW,DEF,0,0,0,0,0,0,0.0,0,£4,0.1%,0,0,0,0,2023
B.Aguilera,NFO,MID,0,0,0,0,0,0,0.0,0,£4.5,0.0%,0,0,0,0,2023
Arter,NFO,MID,0,0,0,0,0,0,0.0,0,£4.3,0.2%,0,0,0,0,2023
Biancone,NFO,DEF,0,0,0,0,0,0,0.0,0,£3.9,0.1%,0,0,0,0,2023
Bowler,NFO,MID,0,0,0,0,0,0,0.0,0,£4.5,0.0%,0,0,0,0,2023
Cook,NFO,DEF,0,0,0,0,0,0,0.0,0,£4.5,0.0%,0,0,0,0,2023
Dennis,NFO,FWD,0,0,0,0,0,0,0.0,0,£4.8,0.1%,0,0,0,0,2023
Dräger,NFO,DEF,0,0,0,0,0,0,0.0,0,£4,0.1%,0,0,0,0,2023
Freuler,NFO,MID,0,0,0,0,0,0,0.0,0,£4.9,0.0%,0,0,0,0,2023
Hennessey,NFO,GKP,0,0,0,0,0,0,0.0,0,£4,0.2%,0,0,0,0,2023
G.Scarpa,NFO,MID,0,0,0,0,0,0,0.0,0,£4.5,0.0%,0,0,0,0,2023
J.Shelvey,NFO,MID,0,0,0,0,0,0,0.0,0,£4.8,0.0%,0,0,0,0,2023
Surridge,NFO,FWD,0,0,0,0,0,0,0.0,0,£4.5,0.1%,0,0,0,0,2023
Ui-jo,NFO,FWD,0,0,0,0,0,0,0.0,0,£4.4,0.4%,0,0,0,0,2023
Amissah,SHU,GKP,0,0,0,0,0,0,0.0,0,£3.9,0.4%,0,0,0,0,2023
Coulibaly,SHU,MID,0,0,0,0,0,0,0.0,0,£4.4,0.0%,0,0,0,0,2023
A.Davies,SHU,GKP,0,0,0,0,0,0,0.0,0,£4,0.2%,0,0,0,0,2023
Jebbison,SHU,FWD,0,0,0,0,0,0,0.0,0,£4.8,0.0%,0,0,0,0,2023
Ndiaye,SHU,FWD,0,0,0,0,0,0,0.0,0,£5.5,0.0%,0,0,0,0,2023
Norrington-Davies,SHU,DEF,0,0,0,0,0,0,0.0,0,£3.9,0.2%,0,0,0,0,2023
Austin,TOT,GKP,0,0,0,0,0,0,0.0,0,£3.9,0.2%,0,0,0,0,2023
Dier,TOT,DEF,0,0,0,0,0,18,0.0,146,£4.2,0.5%,6,0,0,0,2023
Forster,TOT,GKP,0,0,0,0,0,0,0.0,0,£3.9,2.1%,0,0,0,0,2023
Kane,TOT,FWD,0,0,0,0,0,0,0.0,0,£12.5,0.6%,0,0,0,0,2023
Lloris,TOT,GKP,0,0,0,0,0,0,0.0,0,£4.8,0.6%,0,0,0,0,2023
Ndombele,TOT,MID,0,0,0,0,0,0,0.0,0,£4.4,0.2%,0,0,0,0,2023
Rodon,TOT,DEF,0,0,0,0,0,0,0.0,0,£4,0.1%,0,0,0,0,2023
Scamacca,WHU,FWD,0,0,0,0,0,0,0.0,0,£6,0.0%,0,0,0,0,2023
Vlašić,WHU,MID,0,0,0,0,0,0,0.0,0,£4.5,0.1%,0,0,0,0,2023
Bolla,WOL,DEF,0,0,0,0,0,0,0.0,0,£4,0.4%,0,0,0,0,2023
Chiquinho,WOL,MID,0,0,0,0,0,0,0.0,0,£4.5,0.0%,0,0,0,0,2023
Cundle,WOL,MID,0,0,0,0,0,0,0.0,0,£4.5,0.0%,0,0,0,0,2023
Guedes,WOL,MID,0,0,0,0,0,0,0.0,0,£5.4,0.0%,0,0,0,0,2023
Hodge,WOL,MID,0,0,0,0,0,0,0.0,0,£4.4,0.1%,0,0,0,0,2023
Hoever,WOL,DEF,0,0,0,0,0,0,0.0,0,£4,0.0%,0,0,0,0,2023
Jordão,WOL,MID,0,0,0,0,0,0,0.0,0,£4.3,0.2%,0,0,0,0,2023
King,WOL,GKP,0,0,0,0,0,0,0.0,0,£4,0.7%,0,0,0,0,2023
Podence,WOL,MID,0,0,0,0,0,0,0.0,0,£5.3,0.0%,0,0,0,0,2023
Šarkić,WOL,GKP,0,0,0,0,0,0,0.0,0,£4,0.3%,0,0,0,0,2023
Lonergan,EVE,GKP,0,0,0,0,0,0,0.0,0,£3.9,0.1%,0,0,0,0,2023
Karius,NEW,GKP,0,0,0,0,0,0,0.0,0,£3.9,0.3%,0,0,0,0,2023
J.Timber,ARS,DEF,0,0,0,0,0,3,0.0,49,£4.6,0.5%,0,0,0,0,2023
Ângelo,CHE,MID,0,0,0,0,0,0,0.0,0,£5,0.0%,0,0,0,0,2023
Kellyman,AVL,MID,0,0,0,0,0,0,0.0,0,£4.5,0.1%,0,0,0,0,2023
Hein,ARS,GKP,0,0,0,0,0,0,0.0,0,£4,0.1%,0,0,0,0,2023
Anang,WHU,GKP,0,0,0,0,0,0,0.0,0,£4,0.1%,0,0,0,0,2023
Francis-Clarke,LUT,DEF,0,0,0,0,0,0,0.0,0,£4,0.0%,0,0,0,0,2023
Stansfield,FUL,FWD,0,0,0,0,0,0,0.0,0,£4.5,0.0%,0,0,0,0,2023
Dibley-Dias,FUL,MID,0,0,0,0,0,0,0.0,0,£4.5,0.0%,0,0,0,0,2023
Seriki,SHU,DEF,0,0,0,0,0,0,0.0,0,£4,0.1%,0,0,0,0,2023
Marsh,SHU,FWD,0,0,0,0,0,0,0.0,0,£4.5,0.0%,0,0,0,0,2023
Gordon,CRY,FWD,0,0,0,0,0,0,0.0,0,£4.5,0.0%,0,0,0,0,2023
Bergström,CHE,GKP,0,0,0,0,0,0,0.0,0,£4,0.0%,0,0,0,0,2023
Krul,LUT,GKP,0,0,0,0,0,0,0.0,0,£4.4,0.0%,0,0,0,0,2023
Lavia,CHE,MID,0,0,0,0,0,0,0.0,0,£4.9,0.0%,0,0,0,0,2023
Vítek,MUN,GKP,0,0,0,0,0,0,0.0,0,£4,0.0%,0,0,0,0,2023
Marschall,AVL,GKP,0,0,0,0,0,0,0.0,0,£4,0.0%,0,0,0,0,2023
Humphreys,CHE,DEF,0,0,0,0,0,0,0.0,0,£4,0.0%,0,0,0,0,2023
Adams,BOU,MID,0,0,0,0,0,0,0.0,0,£4.9,0.0%,0,0,0,0,2023
Beach,CHE,GKP,0,0,0,0,0,0,0.0,0,£4,0.0%,0,0,0,0,2023
Diego Moreira,CHE,MID,0,0,0,0,0,0,0.0,0,£4.5,0.0%,0,0,0,0,2023
Lenglet,AVL,DEF,0,0,0,0,0,0,0.0,0,£4.5,0.1%,0,0,0,0,2023
Phillips,TOT,DEF,0,0,0,0,0,0,0.0,0,£4,0.1%,0,0,0,0,2023
Fraser,WOL,FWD,0,0,0,0,0,0,0.0,0,£4.5,0.1%,0,0,0,0,2023
Omobamidele,NFO,DEF,0,0,0,0,0,0,0.0,0,£4.5,0.0%,0,0,0,0,2023
Gilchrist,CHE,DEF,0,0,0,0,0,0,0.0,0,£4,0.0%,0,0,0,0,2023
Stutter,CHE,FWD,0,0,0,0,0,0,0.0,0,£4.5,0.0%,0,0,0,0,2023
Hunt,EVE,MID,0,0,0,0,0,0,0.0,0,£4.5,0.0%,0,0,0,0,2023
Ola-Adebomi,CRY,FWD,0,0,0,0,0,0,0.0,0,£4.5,0.0%,0,0,0,0,2023
Brooking,CHE,DEF,0,0,0,0,0,0,0.0,0,£4,0.0%,0,0,0,0,2023
Raymond,CRY,MID,0,0,0,0,0,0,0.0,0,£4.5,0.0%,0,0,0,0,2023
Kim Ji-Soo,BRE,DEF,0,0,0,0,0,0,0.0,0,£4,0.0%,0,0,0,0,2023
Chambers,LIV,DEF,0,0,0,0,0,0,0.0,0,£4,0.0%,0,0,0,0,2023
Scanlon,LIV,DEF,0,0,0,0,0,0,0.0,0,£4,0.0%,0,0,0,0,2023
Luker,LUT,MID,0,0,0,0,0,0,0.0,0,£4.5,0.0%,0,0,0,0,2023
Buyabu,SHU,DEF,0,0,0,0,0,0,0.0,0,£4,0.0%,0,0,0,0,2023
Tanton,FUL,DEF,0,0,0,0,0,0,0.0,0,£4,0.0%,0,0,0,0,2023
Adedokun,BRE,DEF,0,0,0,0,0,0,0.0,0,£4,0.0%,0,0,0,0,2023
Duffus,BHA,MID,0,0,0,0,0,0,0.0,0,£4.5,0.0%,0,0,0,0,2023
Hugill,MUN,FWD,0,0,0,0,0,0,0.0,0,£4.5,0.0%,0,0,0,0,2023
Whittingham,WOL,MID,0,0,0,0,0,0,0.0,0,£4.5,0.0%,0,0,0,0,2023
Chirewa,WOL,MID,0,0,0,0,0,0,0.0,0,£4.5,0.0%,0,0,0,0,2023
Hubner,WOL,DEF,0,0,0,0,0,0,0.0,0,£4,0.0%,0,0,0,0,2023
Angelini,BRE,GKP,0,0,0,0,0,0,0.0,0,£4,0.0%,0,0,0,0,2023
Kavanagh,BHA,DEF,0,0,0,0,0,0,0.0,0,£4,0.0%,0,0,0,0,2023
Yago Santiago,TOT,MID,0,0,0,0,0,0,0.0,0,£4.5,0.0%,0,0,0,0,2023
Barrington,BHA,MID,0,0,0,0,0,0,0.0,0,£4.5,0.0%,0,0,0,0,2023
Pitaluga,LIV,GKP,0,0,0,0,0,0,0.0,0,£4,0.0%,0,0,0,0,2023
Bradley,LIV,DEF,0,0,0,0,0,0,0.0,0,£4,0.0%,0,0,0,0,2023
Castledine,CHE,MID,0,0,0,0,0,0,0.0,0,£4.5,0.0%,0,0,0,0,2023
Rodák,FUL,GKP,-1,0,0,0,0,-3,0.0,0,£3.9,0.4%,0,0,0,0,2023
